brand_name,website_url
Rao's,https://www.raos.com
Palermo's,https://www.palermos.com
Newman's Own,https://newmansown.com
Screamin' Sicilian,https://www.screamin-sicilian.com
Amy's,https://www.amys.com
Home Run Inn,https://www.homeruninnpizza.com
California Pizza Kitchen,https://www.cpk.com
Tombstone,https://www.tombstonepizza.com
Totino's,https://www.totinos.com
Freshétta,https://www.freschetta.com
Urban Pie Pizza Co.,https://urbanpie.com/
Caulipower,https://www.caulipowerpizza.com/
Bernatello's Foods,https://www.bernatellos.com/
Brew Pub,https://www.brewpubpizza.com/
Orv's,https://www.orvspizza.com/
Roma,https://www.romapizza.com/
Giordano's Deep Dish Pizza,https://ship.giordanos.com/products/giordanos-deep-dish-pizza-packs
Wegmans,https://www.wegmans.com/shop/categories/2957336
Healthy Choice,https://www.conagrabrands.com/
Bellisio Foods,https://www.bellisiofoods.com/
Motor City Pizza Co.,https://www.target.com/c/frozen-pizza-foods-grocery/authentic-motor-city-pizza-co-/-/N-5xsz4Zq643le93q3b
Tombstone,https://www.tombstonepizza.com/
Newman's Own,https://newmansown.com/
Kirkland Signature,https://www.costco.com/kirkland-signature.html
Mama Cozzi's,https://www.aldi.us/en/products/mama-cozzis/
Signature SELECT,https://www.albertsons.com/shop/brand/signature-select.html
Whole Foods,https://www.wholefoodsmarket.com/
Motor City Pizza Co.,https://motorcitypizza.com/
Celentano,https://www.celentano.com/
Green Mill,https://greenmill.com/
ALDI,https://www.aldi.us/products/frozen-foods/frozen-pizza/k/95
Jack's,https://www.jackspizza.com/
Home Run Inn,https://www.homeruninnpizza.com/
Screamin' Sicilian,https://screamin Sicilian.com/
Palermo's,https://www.palermospizza.com/
Portesi,https://www.portesipizza.com/
American Flatbread,https://www.americanflatbread.com/
Love Pizza,https://lovefrozenpizza.com
Udi's,https://udisglutenfree.com/
Delissio,https://www.delissio.com/
Newmans,https://www.newmansown.com/
Whole Foods,https://www.wholefoodsmarket.com/
Dogtown Pizza,https://www.dogtownpizza.com/
Glutino,https://www.glutino.com/
The Take Away,https://www.thetakeaway.com/
Pizza Corner,https://www.shopbernatellospizza.com/
GoodFellas,https://www.goodfellas.com/
Celeste,https://www.celestepizza.com/
Home Run Inn,https://www.homeruninn.com/
Kashi,https://www.kashi.com/
California Pizza Kitchen,https://www.cpk.com/
Chopsies,https://www.chopsies.com/
Connie's,https://www.conniesnaturals.com/
Caulipower,https://www.caulipowerpizza.com/
BrewPub,https://www.shopbernatellospizza.com/brew-pub/
"7th Avenue Pizza",https://7thavenuepizza.com/
Luiges,https://www.luigespizza.com/
Palermos,https://www.palermos.com/
Tombstone,https://www.tombstonepizza.com/
Amy's,https://www.amys.com/
Matey's American Pizza Company,https://mateyspizza.com/
Gluseppe,https://www.gluseppe.com/
Bellatoria,https://www.shopbernatellospizza.com/
Freschetta,https://www.freschetta.com/
Heggies,https://www.heggiespizza.com/
Screamin Sicilian,https://www.screamin-sicilian.com/
Porta,https://eatporta.com
Sbarro,https://www.sbarro.com/
Jacks,https://www.jackspizza.com/
Peps Pizza Co.,https://pepspizzaco.com/
Tony's,https://www.tonyspizza.com/
Digiorno,https://www.digiorno.com/
Jenos Pizza,https://www.jenospizza.com/
BOLD,https://www.boldpizzas.com/
Red Baron,https://www.redbaron.com/
Pizza Freek,https://www.pizzafreakco.com
Chicago Town,https://www.chicagotown.com/
Cappellos,https://cappellos.com
Kirstys,https://www.kirstys.co.uk/
Caleste,https://www.conagrabrands.com
Dr Oetker,https://www.oetker.us/products/c/pizza
Grandiosa,https://www.grandiosa.no/
Richeliue Foods,https://richelieufoods.com/
Pizzeria Uno,https://unofoods.com
Papa Primos,https://olmfoods.com
Hot Stuff Pizza,https://olmfoods.com
Sabatassos,https://www.schwanscompany.com
Creative Crusts,https://creativecrustswi.com
members mark,https://www.samsclub.com/
Culinary circle,https://www.culinarycircle.com/
Cravn,https://cravnflavor.com
vital pursuit,https://www.nestleusa.com/
Blackbird,https://www.blackbirdfoods.com
del popolo,https://www.delpopolo.com/
Daiya,https://daiyafoods.com
jakeenos,https://jakeenos.com/
field day,https://fielddayproducts.com
against the grain,https://againstthegraingourmet.com
Nob hill trading co,https://www.raleys.com
Robertas,https://shop.robertaspizza.com